1.1. Nome da Escola,14.1. Qual é o seu objetivo como Diretor(a) da Escola?,14.2. A Direção tem algum projeto que deseja desenvolver em prol da comunidade escolar?,"14.2.1. De forma resumida, o que é preciso para o desenvolvimento do projeto desejado? Caso a resposta anterior seja ""Não"", responder ""Não se aplica""."
EE PROF PAULO FREIRE,"Garantir um espaço de ensino aprendizado, que possa garantir subsídios para nossos estudantes garantir vagas nas universidades públicas",Sim,"Conscientização da necessidade do espaço escolar como um espaço que garante um futuro promissor, através da educação pública de qualidade"
ESCOLA ESTADUAL DOUTOR PEDRO VELHO,"Garantir o funcionamento eficiente da escola, promovendo uma educação de qualidade e criando um ambiente que favoreça o aprendizado, o desenvolvimento dos alunos e a participação da comunidade escolar.",Não,Não se aplica
ESCOLA MUNICIPAL NOSSA SENHORA DO DESTERRO,"Liderar e coordenar a instituição para garantir a qualidade do ensino e da aprendizagem. promovendo um ambiente escolar acolhedor, positivo e colaborativo, articulando a comunidade escolar ( pais, professores e alunos ) garantindo o bom funcionamento, a busca contínua pela melhoria e inovação da qualidade de ensino e o desenvolvimento de todos os envolvidos.",Sim,"Projeto cantinho da leitura, com o propósito de estimular o abito da leitura e promover um ambiente escolar mais acolhedor, lúdico e propício ao desenvolvimento dos alunos."
ESCOLA MUNICIPAL DEPUTADO GRIMALDI RIBEIRO,Gerir a escola de forma compartilhada numa perspectiva de gestão democrática.,Sim,Projeto de leitura: trazer a busca pelo conhecimento e gosto pela leitura.
ESCOLA MUNICIPAL JOÃO BATISTA DE MENDONÇA,Elevar o índice do ensino-aprendizagem dos estudantes.,Sim,"Projeto ""dia da família na escola""."
ESCOLA ESTADUAL PRESIDENTE TANCREDO NEVES,Adquirir mais conhecimento,Sim,Recursos suficientes
ESCOLA ESTADUAL PROFA. MARIA OCILA BEZERRIL,"Desenvolver um trabalho voltado para melhoria do desempenho do aluno oferecendo um serviço de qualidade que possa preparar os alunos para a vida e para o desenvolvimento pessoal e social, ampliando as oportunidades de um futuro com êxito no seu desenvolvimento intelectual e na melhoria da qualidade de vida.e",Sim,"Preciso engajamento da equipe e comunidade escolar com o mesmo próposito, com metas definidas para obter os resultados desejados."
ESCOLA MUNICIPAL BARTOLOMEU FAGUNDES,Fazer o menhor para que aja um bom funcionamento e desempenho dos alunos e profissionais,Sim,Desenvolver encontros de familiares na escola para um bom relacionamento entre escola e familia
ESCOLA MUNICIPAL MANOEL GERMANO DOS SANTOS,"Buscar aproximar mais a escola da comunidade através de parcerias que visem essa aproximação. trabalhar a questão do comportamento/indisciplina dos estudantes, conscientizando-os acerca da responsabilidade de cada um na sua própria aprendizagem, no respeito ao próximo e conservação do espaço escolar e patrimônio.",Não,Não se aplica
ESCOLA MUNICIPAL ELZA BEZERRIL RIBEIRO,Colaborar no desenvolvimento escolar de modo a cumprir a missão da escola como agente de transformação social e acadêmica.,Não,Não se aplica
ESCOLA MUNICIPAL DE 1º GRAU DR. JOSÉ TARGINO,"Busca melhorias para a comunidade escolar, proporcionando uma educação de qualidade e emancipadora",Sim,Recursos financeiros e humano; formações continuadas e ampliação de espaços para realização dos projetos.
ESCOLA MUNICIPAL DE ENSINO FUNDAMENTAL SÃO SEBASTIÃO,"Gerir da melhor forma possível, visando o bem estar de todos e uma aprendizagem significativa",Sim,Recursos humanos e materiais
ESCOLA MUNICIPAL JUAREZ RABELO,"Buscar uma educação de qualidade para nossos discentes, possibilitando um bom trabalho de equipe em prol de um melhor resultado.",Sim,Alguns ajustes finas e o recebimento do recurso escola da adolescencia para aquisição de materiais.
CENTRO EDUCACIONAL RURAL ROBERTO MAGALHÃES DE MELO,"Garantir que o ensino siga o curriculo e as metas educacionais, apoiar e orientar os professore para melhorarem suas praticas pedagogicas e incetivar ptojetor que melhorem o aprendizagem do aluno.",Sim,"Projeto de melhoria da educação por meio da gestao escolar eficiente, ja que o gestor e responsavel por articular os diferentes setores da escola: pedagogico, administrativo e comunitario."
ESCOLA MUNICIPAL JOÃO ANACLETO FILHO,"Conduzir a administração da instituição de ensino de maneira democrática, englobando as esferas pedagógica, administrativa e financeira, visando assegurar a qualidade do ensino, o adequado funcionamento da escola e a promoção de um ambiente educativo que seja seguro, colaborativo e inclusivo para todos os estudantes, visando a equidadde.",Não,Não se aplica
ESCOLA ESTADUAL MATIAS MACIEL,Melhorar os índices de aprendizagem e aplicar o recursos adequadamente seguindo os princípios da gestão democrática.,Não,Não se aplica
ESCOLA ESTADUAL EM TEMPO INTEGRAL FELIPE FERREIRA,"Realizar uma gestão comprometida na evolução profissional dos estudantes, fazendo o trabalho coletivamente com os demais membros da equipe gestora, com os professores (principalmente) e com o suporte da direc e da seec/rn.",Não,Não se aplica
ESCOLA MUNICIPAL DR. MANOEL F. DE MELO,Que a escola seja a melhor possível para o alunado.,Sim,"Da alimentação, evitando os alimentos enlatados e embutidos."
CRECHE MUNICIPAL DONA DAL,"Garantir o bom funcionamento da escola promovendo um ambiente seguro, saudável e acolhedor para o desenvolvimento integral das crianças.",Não,Não se aplica
ESCOLA ESTADUAL FABRÍCIO MARANHÃO,"Garantir o funcionamento eficiente da escola, liderando e gerenciando todos os aspectos da instituição, desempenhando um papel fundamental na formação dos alunos e no desenvolvimento escolar como um todo.",Não,Não se aplica
ESCOLA ESTADUAL EM TEMPO INTEGRAL FABRÍCIO MARANHÃO,Dinamizar a educação na escola.,Sim,Jovens escritores e jovens atletas.
ESCOLA ESTADUAL 4 DE MARÇO,"Permitir uma gestão participativa, acolhedora e que incentive toda equipe a uma educação com mais igualdade e equidade.",Sim,"Projeto que permita envolver a comunidade escolar nas atividades diárias da escola, permitindo ações educativas e aproximação da família e escola"
ESCOLA MUNICIPAL DE 1 GRAU MAIOR PADRE LEÔNCIO,"Assegurar a execução do projeto político-pedagógico (ppp), o cumprimento das finalidades da educação básica, a garantir uma gestão eficiente, democrática e comprometida com a qualidade",Não,Não se aplica
ESCOLA MUNICIPAL JUVÊNCIO DOS SANTOS CORDEIRO,"Manter o bom funcionamento da escola, incentivar, motivar e inspirar a equipe e os alunos, garantindo a qualidade de ensino.",Não,Não se aplica
CENTRO EDUCACIONAL MARIA DA CONCEIÇÃO FREIRE,Desenvolver um trabalho satisfatório que busque o desenvolvimento do aluno e a organização institucional.,Não,Não se aplica
ESCOLA MUNICIPAL JUVÊNCIO DOS SANTOS CORDEIRO,"Garantir a qualidade do ensino através do planejamento e acompanhamento pedagógico. nejamento e acompanhamento pedagógico, fortalecer o relacionamento com a comunidade escolar, promovend",Não,Não se aplica
ESCOLA MUNICIPAL JOSÉ DE CARVALHO E SILVA,"Favorecer um bom funcionamento da unidade de ensino, despertando e valorizando os perfis de liderança da equipe escolar, promovendo ações que colaborem para a construção de uma educação de qualidade social dentro da realidade local.",Sim,"No momento estamos passando por um desafio necessário enorme, pois estamos funcionando em um prédio que não é nosso, com espaço menor e que não atende toda a nossa demanda de funcionamento, tendo a estrutura física e os aspectos relacionais com a escola que cedeu o espaço e compartilha conosco elementos desafiadores. mas, isso se deu por algo positivo que é uma grande reforma que está acontecendo no prédio da nossa escola. como no prédio próprio contávamos com mais espaços e não tinhamos os desafios de estar 2 escolas convivendo em um mesmo espaço como estamos temporariamente, algumas iniciativas que estavam dando certo tiveram que parar, como por exemplo, a sala de leitura, espaço de jogos, espaço de acolhimento, espaço de descanso do servidor, projetos de interação semanal com a família, entre outras coisas. isso tudo faz parte do que eu, na qualidade atual de gestor, gostaria desenvolver ainda na escola, mas tenho a consciência de que será possível ao retornarmos ao nosso prédio. um novo prédio, melhor do que o que tínhamos. o potencial da emjcs é muito grande e desejo que, se não a minha pessoal, aquele que vier, a trate bem e eleve cada vez mais a qualidade do ensino e da convivência oferecida a nossa sociedade."
ESCOLA MESCOLA MUNICIPAL JOÃO GOMES DE TORRES,"Garantir a gestão pedagógica e administrativa de forma eficiente a partir da construção de um espaço colaborativo entre escola, família e comunidade, possibilitando que a instituição seja um espaço seguro e inclusivo.",Sim,Ampliar as possibilidades de uso de ferramentais digitais educacionais para que os professores possam fazer uso dos equipamentos tecnológicos existentes e aprimorar suas práticas pedagógicas para melhor atender a demanda da comunidade atual.
ESCOLA MUNICIPAL NOSSA SENHORA DA CONCEIÇÃO,"Como gestora busco promover da melhor forma a organização das finanças, da estrutura, dos funcionários para que o ambiente escolar funcione harmoniosamente.",Sim,"Projeto de leitura e escrita que promova a alfabetização, para o desenvolvimento do projeto preciso da participação dos pais, professores, toda a comunidade no geral."
ESCOLA MUNICIPAL MANOEL RODRIGUES,"Promover ações que viabilizem o bom andamento e participação da escola, bem como atividades que permeam a participação com todos os envolvidos no processo de ensino e aprendizagem",Sim,"Promover ações que viabilizem o bom andamento e participação da escola, bem como atividades que permeam a participação com todos os envolvidos no processo de ensino e aprendizagem"
ESCOLA MUNICIPAL CRECHE MARIA DO CARMO,O meu objetivo quanto gestora escolar é poder conseguir conciliar família e a escola para conseguirmos dar uma boa educação para nossas crianças e garantindo um futuro de qualidade.,Sim,É preciso juntamente com a equipe escolar planejarmos para podermos desenvolver com a participação de todos para planejar um projeto.
ESCOLA MUNICIPAL JOSÉ PEREIRA DA SILVA DE ENSINO BÁSICO EM TEMPO INTEGRAL,"Sempre fazendo o melhor, para que a cada ano nosso índice de aprendizado seja positivo",Sim,"Fazer sempre um trabalho junto com a família, para que possamos ter bons resultados"
E.M 16 DE JULHO,Contribuir para o desenvolvimento do processo de aprendizagem das crianças e diminuir o índice de repetencia na escola.,Sim,"Colocar em funcionamento a biblioteca da escola, aberta a comunidade."
ESCOLA MUNICPAL JOSÉ DE ALBUQUERQUE MARANHÃO,Garantir uma gestão democrática para o pleno desenvolvimento de todos os agentes envolvidos no processo educacional,Sim,Implantação do fundamental ii
ESCOLA MUNICIPAL HOMERO HOMEM,"Melhoria no índice de aprovação, e busca na melhoria da alfabetização de forma geral.",Não,Não se aplica
ESCOLA MUNICIPAL DR ABELARDO CALAFANGE,"Aumenta o ideb, simais,e todas avaliação fecha com 100% de participação de todos os alunos",Sim,"Comunidade, família e escola juntos vamos fazer a diferença para o bem está dos alunos"
JARDIM DE INFÂNCIA CRIANÇA FELIZ,Uma escola renova,Sim,Interagir
ESCOLA MUNICIPAL MOZART CALAFANGE,"Manter o bom funcionamento da escola, incentivar, motivar e inspirar a equipe e os alunos, garantindo a qualidade de ensino e aprendizagens",Sim,Participação da família e a comunidade pois ainda é pouca a participação
ESCOLA MUNICIPAL FIRMINO ANTÔNIO DE CARVALHO,"Promover um ambiente escolar acolhedor, seguro e afetivo, onde cada criança se sinta valorizada, respeitada e estimulada a aprender. como diretora, busco fortalecer vínculos, garantir que todas tenham voz, desenvolver práticas pedagógicas humanizadas e oferecer experiências que favoreçam o desenvolvimento integral, o bem-estar emocional e a alegria de estar na escola todos os dias.",Sim,"Identificar a necessidade que motivou o projeto e compreender o que as crianças e a escola realmente precisam. definir o objetivo geral e os objetivos específicos, para orientar cada etapa do trabalho. organizar as ações e a metodologia, detalhando o que será feito, como será feito e quem irá participar. envolver a equipe escolar, garantindo a participação dos professores, apoio pedagógico e demais colaboradores. mobilizar a comunidade escolar, incluindo as famílias, quando necessário. preparar os recursos materiais e espaços físicos que serão utilizados nas atividades. estabelecer um cronograma, determinando os períodos de execução de cada ação. realizar acompanhamento e registros, observando a participação e o desenvolvimento das crianças. avaliar os resultados, verificando se o projeto alcançou seus objetivos e o que pode ser aprimorado."
E.M. CRECHE CANGUARETAMA,"Liderar democraticamente, coordenar e conduzir o trabalho coletivo e colaborativo para garantir a qualidade do ensino e da aprendizagem dos estudantes em todos os aspectos de seu desenvolvimento",Sim,Pessoas especializadas na área para poder dar o suporte desejado.
ESCOLA MUNICIPAL INDIGENA JOAO LINO DA SILVA,"Administrar os recursos com responsabilidade e clareza, trabalhar com uma gestao democratica",Sim,Apoio
ESCOLA MUNICIPAL ANTONIO DE CARVALHO FILHO,"Meu objetivo como diretora da emacf é assegurar uma gestão humanizada e eficaz, promovendo aprendizagem com qualidade, convivência saudável e projetos que fortaleçam a formação dos alunos e o trabalho dos profissionais da escola.",Sim,"Para o desenvolvimento do projeto desejado, é necessário planejamento organizado, participação da equipe escolar, apoio da comunidade, além de recursos básicos para execução das atividades. também é fundamental garantir acompanhamento contínuo e avaliação das ações para que o projeto alcance seus objetivos de forma eficiente."
ESCOLA MUNICIPAL PROFWSSORA MARIA DA PAZ MOREIRA,"Garantir o bom funcionamento da escola, promovendo um ambiente seguro, acolhedor e estimulante para a aprendizagem.",Sim,O engajamento de todos os envolvidos
ESC0LA MUNICIPAL PROFESSORA ANITA MELO,"Liderar e gerenciar, é complexa essa função e com certeza e a que mais aprendi e fazer com que a escola funcione de maneira adequada. envolve além do pedagógico, arespeito fazer com que a escola funcione",Sim,"Para desenvolver um projeto na escola,devemos defenir o tema e os objetivos"
ESCOLA MUNICIPAL PROFESSORA MARIA ELIZABETH DE CASTRO,"Objetivando um intervalo direcionado, cinemas, pipocas, palestras contextualizadas com assuntos pertinentes.",Sim,"Parcerias com saúde, famílias, comunidades e políticas públicas que venham realmente serem cumplidas na melhoria do desenvolvimento escolar"
ESCOLA MUNICIPAL JOAQUIM GOMES SOBRINHO,"Que o ambiente escolar tenha um bom funcionamento, uma ótima qualidade de ensino e aprendizagem dos nossos estudantes.promover um ambiente colaborativo e seguro para toda comunidade escolar.",Sim,"A parceria de todos funcionários e da comunidade escolar, para que o projeto venha a beneficiar toda comunidade escolar."
ESCOLA MUNICIPAL DRº JOSÉ TARGINO,"Garantir uma gestão democrática, eficiente e humanizada que promova a aprendizagem significativa dos alunos, fortaleça o trabalho dos profissionais da escola e assegure um ambiente seguro, inclusivo e de alta qualidade educacional.",Sim,Tempo e espaço suficiente
CRECHE MUNICIPAL MANOEL VIEIRA DA SILVA,"Meu objetivo é garantir uma educação de qualidade que promova o desenvolvimento integral dos estudantes, assegurando um ambiente seguro, acolhedor e inclusivo. atua-se na liderança da equipe escolar com organização e transparência, fortalecendo o trabalho pedagógico e a gestão dos recursos. além disso, busca-se a participação ativa das famílias e da comunidade, sempre visando o bom funcionamento da escola e o direito de todos aprenderem.",Sim,"É necessário o envolvimento da comunidade escolar, o diálogo constante com as famílias, a organização de atividades culturais e educativas, além da melhoria dos espaços da escola. também é fundamental incentivar ações que trabalhem valores, emoções e a convivência, garantindo um ambiente acolhedor e favorável ao aprendizado e ao bem-estar das crianças."
